City_ID,City,Lat,Lng,Max Temp,Humidity,Cloudiness,Wind Speed,Country,Date
0,lefkada,38.8275,20.7019,67.91,88,20,0.0,GR,1691367967
1,walvis bay,-22.9575,14.5053,59.95,47,0,1.14,NA,1691367723
2,grytviken,-54.2811,-36.5092,20.16,87,100,6.26,GS,1691367905
3,iqaluit,63.7506,-68.5145,46.13,81,40,9.22,CA,1691367904
4,bridgewater,44.3835,-64.5155,69.48,62,2,8.05,CA,1691367967
5,adamstown,-25.066,-130.1015,69.73,63,95,19.08,PN,1691367904
6,blackmans bay,-43.0167,147.3167,49.73,89,15,4.25,AU,1691367901
7,olonkinbyen,70.9221,-8.7187,38.79,84,100,20.94,SJ,1691367692
8,albany,42.6001,-73.9662,72.25,74,84,2.01,US,1691367886
9,carnarvon,-24.8667,113.6333,70.54,64,79,6.6,AU,1691367968
10,bodaybo,57.8506,114.1933,69.08,68,100,1.07,RU,1691367968
11,pont rouge,48.8833,-72.0825,66.49,78,90,5.79,CA,1691367968
12,edinburgh of the seven seas,-37.0676,-12.3116,51.96,56,69,36.95,SH,1691367900
13,al ghayzah,16.2079,52.176,78.04,88,95,6.06,YE,1691367969
14,lompoc,34.6391,-120.4579,92.7,89,0,9.22,US,1691367928
15,noumea,-22.2763,166.4572,73.99,99,78,13.47,NC,1691367969
16,puerto natales,-51.7236,-72.4875,28.26,88,14,4.92,CL,1691367901
17,hermanus,-34.4187,19.2345,52.81,89,0,8.61,ZA,1691367921
18,nichinan,31.6,131.3667,82.08,93,74,15.23,JP,1691367969
19,olyokminsk,60.3736,120.4264,72.12,65,100,2.17,RU,1691367696
20,weno,7.4515,151.8468,83.08,77,100,22.48,FM,1691367969
21,papatowai,-46.5619,169.4708,44.06,86,65,9.98,NZ,1691367919
22,keflavik,64.0049,-22.5624,51.71,100,75,3.44,IS,1691367943
23,puttalam,8.0362,79.8283,79.45,84,100,17.83,LK,1691367970
24,port-aux-francais,-49.35,70.2167,43.38,89,100,36.66,TF,1691367900
25,ushuaia,-54.8,-68.3,28.17,94,87,5.73,AR,1691367910
26,holualoa,19.6228,-155.9522,81.77,71,0,10.36,US,1691367971
27,santiago de chuco,-8.15,-78.1833,57.09,57,88,1.25,PE,1691367971
28,revda,56.801,59.9303,58.15,98,10,3.78,RU,1691367971
29,thompson,55.7435,-97.8558,64.56,63,75,10.36,CA,1691367920
30,svetlyy,54.675,20.1347,69.85,91,86,14.61,RU,1691367972
31,saipan,15.1355,145.701,86.7,100,40,4.61,MP,1691367685
32,san antonio de pale,-1.4014,5.6325,74.26,77,54,9.06,GQ,1691367972
33,upington,-28.4478,21.2561,53.98,35,0,4.61,ZA,1691367972
34,at taj,24.2049,23.2857,93.92,15,100,15.5,LY,1691367972
35,jamestown,42.097,-79.2353,76.59,100,40,5.75,US,1691367834
36,guaratinga,-16.5667,-39.5667,64.36,93,91,1.77,BR,1691367972
37,bethel,41.3712,-73.414,76.01,72,0,5.75,US,1691367902
38,coquimbo,-29.9533,-71.3436,56.93,76,0,2.3,CL,1691367850
39,mili,6.0815,171.735,83.84,73,52,6.13,MH,1691367973
40,avarua,-21.2078,-159.775,73.45,88,75,18.68,CK,1691367917
41,kerikeri,-35.2268,173.9474,57.9,90,100,4.34,NZ,1691367973
42,saint-francois,46.4154,3.9054,53.04,94,75,3.44,FR,1691367973
43,hammerfest,70.6634,23.6821,52.25,82,57,0.0,NO,1691367727
44,villa yapacani,-17.4,-63.8333,85.55,37,0,8.5,BO,1691367973
45,udachny,66.4167,112.4,55.45,71,87,11.18,RU,1691367931
46,dauphin,51.1494,-100.0502,75.34,53,0,9.22,CA,1691367973
47,twon-brass,4.3151,6.2418,77.95,82,81,12.1,NG,1691367973
48,al wajh,26.2455,36.4525,85.95,79,0,6.91,SA,1691367974
49,jaen,38.0,-3.5,82.92,18,0,4.88,ES,1691367974
50,narrabri,-30.3167,149.7833,62.53,58,44,3.0,AU,1691367974
51,klyuchi,52.2667,79.1667,57.6,73,3,8.5,RU,1691367903
52,constantia,44.1833,28.65,70.7,56,0,21.39,RO,1691367717
53,sikasso,10.9167,-7.0,74.8,90,100,4.94,ML,1691367974
54,enewetak,11.3474,162.3373,83.62,73,79,8.43,MH,1691367932
55,hawaiian paradise park,19.5933,-154.9731,83.03,74,75,12.66,US,1691367826
56,waitangi,-43.9535,-176.5597,50.83,76,98,1.99,NZ,1691367901
57,mana,5.6592,-53.7767,79.81,84,13,12.24,GF,1691367914
58,college,64.8569,-147.8028,79.59,45,75,4.61,US,1691367902
59,myeik,12.4333,98.6,79.59,88,97,11.25,MM,1691367950
60,ad dilam,23.9915,47.1627,91.81,24,2,5.93,SA,1691367975
61,hithadhoo,-0.6,73.0833,81.95,76,84,7.76,MV,1691367899
62,isafjordur,66.0755,-23.124,50.43,57,24,5.3,IS,1691367918
63,gisborne,-38.6533,178.0042,54.36,62,100,4.36,NZ,1691367975
64,toliara,-23.35,43.6667,68.07,69,5,2.42,MG,1691367975
65,arkhangel'sk,64.5401,40.5433,53.74,90,69,3.51,RU,1691367922
66,amuntai,-2.4177,115.2494,77.11,89,20,0.27,ID,1691367972
67,dakhla,23.6848,-15.958,67.64,93,5,12.64,EH,1691367975
68,rybnoye,54.7256,39.5119,66.07,82,0,7.96,RU,1691367976
69,lata,40.1629,-8.3327,67.08,46,0,3.36,PT,1691367748
70,ciudad guayana,8.3533,-62.6528,83.52,79,81,3.38,VE,1691367976
71,bilibino,68.0546,166.4372,34.59,92,100,7.87,RU,1691367685
72,chibougamau,49.9168,-74.3659,67.62,64,75,2.3,CA,1691367914
73,selfoss,63.9331,-20.9971,51.04,90,100,4.12,IS,1691367912
74,belene,43.65,25.1167,66.58,69,6,18.16,BG,1691367976
75,new plymouth,-39.0667,174.0833,56.8,65,100,11.77,NZ,1691367977
76,chulakkurgan,43.765,69.1814,74.53,41,22,13.51,KZ,1691367977
77,bredasdorp,-34.5322,20.0403,49.14,94,0,3.13,ZA,1691367911
78,anadyr,64.75,177.4833,52.3,93,75,11.18,RU,1691367925
79,san policarpio,12.0675,124.5625,84.09,78,28,16.28,PH,1691367977
80,lihue,21.9789,-159.3672,87.39,65,20,13.8,US,1691367761
81,san patricio,28.017,-97.5169,94.17,59,2,16.82,US,1691367977
82,arno,60.1167,18.6333,67.78,97,100,13.29,SE,1691367977
83,sisimiut,66.9395,-53.6735,47.17,75,34,4.81,GL,1691367759
84,chiang mai,18.75,99.0,78.35,87,75,3.44,TH,1691367948
85,anatuya,-28.4606,-62.8347,77.95,42,0,20.22,AR,1691367978
86,ilulissat,69.2167,-51.1,48.22,61,21,0.0,GL,1691367928
87,west island,-12.1568,96.8225,78.78,83,81,6.91,CC,1691367900
88,rivne,50.6231,26.2274,61.48,97,58,6.64,UA,1691367978
89,margaret river,-33.95,115.0667,55.27,88,20,7.81,AU,1691367903
90,sitka,57.0531,-135.33,62.49,88,100,10.36,US,1691367912
91,iskateley,67.6803,53.1512,53.89,98,41,9.95,RU,1691367918
92,punta arenas,-53.15,-70.9167,35.04,73,27,16.84,CL,1691367716
93,east london,-33.0153,27.9116,63.27,78,100,12.75,ZA,1691367920
94,berdigestyakh,62.0989,126.6992,72.36,51,14,3.22,RU,1691367979
95,waingapu,-9.6567,120.2641,78.04,69,7,17.67,ID,1691367979
96,sao joao da barra,-21.6403,-41.0511,71.69,76,13,21.68,BR,1691367979
97,khammam,17.25,80.15,76.89,87,88,8.25,IN,1691367979
98,kuhsan,34.6539,61.1978,80.13,36,0,13.78,AF,1691367733
99,nyurba,63.2842,118.3319,65.71,55,97,8.95,RU,1691367979
100,dom pedrito,-30.9828,-54.6731,71.44,67,42,8.86,BR,1691367980
101,codrington,-38.2667,141.9667,50.52,77,4,3.69,AU,1691367980
102,alofi,-19.0595,-169.9187,78.69,83,98,5.75,NU,1691367722
103,arrifes,37.7667,-25.7,68.25,83,75,6.91,PT,1691367980
104,kichmengskiy gorodok,59.9816,45.7854,59.9,83,15,0.98,RU,1691367980
105,klaksvik,62.2266,-6.589,52.72,89,99,9.91,FO,1691367750
106,brigantine,39.4101,-74.3646,76.05,85,18,4.0,US,1691367980
107,colac,-38.3333,143.5833,50.83,74,6,0.78,AU,1691367980
108,whitehorse,60.7161,-135.0538,85.01,28,20,11.5,CA,1691367900
109,nuku'alofa,-21.1333,-175.2,73.74,83,100,16.11,TO,1691367927
110,new norfolk,-42.7826,147.0587,50.92,79,18,2.86,AU,1691367935
111,talnakh,69.4865,88.3972,63.21,55,4,5.08,RU,1691367907
112,hoemul-li,41.4339,129.67,66.94,95,100,9.22,KP,1691367981
113,smithers,54.7804,-127.1743,71.92,56,75,11.5,CA,1691367912
114,colonia,50.9333,6.95,56.59,86,100,17.27,DE,1691367902
115,novo aripuana,-5.1206,-60.3797,84.6,45,71,1.36,BR,1691367981
116,utrik,11.2278,169.8474,80.62,84,89,13.4,MH,1691367917
117,nikolayevsk-on-amure,53.1406,140.73,75.15,38,15,6.31,RU,1691367981
118,puerto ayora,-0.7393,-90.3518,76.55,87,68,5.01,EC,1691367924
119,celestun,20.8667,-90.4,85.23,72,13,15.97,MX,1691367982
120,yellowknife,62.456,-114.3525,68.52,40,75,5.75,CA,1691367907
121,rio grande,-32.035,-52.0986,68.11,87,0,8.95,BR,1691367910
122,atafu village,-8.5421,-172.5159,83.41,73,14,8.23,TK,1691367899
123,aasiaat,68.7098,-52.8699,36.99,74,50,5.99,GL,1691367721
124,ar ruways,24.1103,52.7306,92.01,75,68,4.12,AE,1691367982
125,ribeira grande,38.5167,-28.7,70.77,83,59,5.99,PT,1691367913
126,stanley,54.868,-1.6985,48.79,92,20,1.14,GB,1691367916
127,invercargill,-46.4,168.35,44.02,93,73,15.99,NZ,1691367710
128,bechar,31.6167,-2.2167,93.52,16,12,6.91,DZ,1691367983
129,mitu,1.1983,-70.1733,73.2,98,100,2.44,CO,1691367915
130,lebu,-37.6167,-73.65,49.78,84,0,5.55,CL,1691367905
131,elliot lake,46.3834,-82.6331,64.83,70,100,2.86,CA,1691367983
132,afaahiti,-17.75,-149.2833,82.27,75,26,8.77,PF,1691367699
133,tolanaro,-25.0319,46.9987,66.27,94,75,13.8,MG,1691367906
134,palmer,42.1584,-72.3287,74.57,71,75,0.0,US,1691367983
135,bamboo flat,11.7,92.7167,80.69,89,40,9.22,IN,1691367910
136,georgetown,5.4112,100.3354,82.33,94,20,3.44,MY,1691367530
137,kodiak,57.79,-152.4072,53.11,94,100,14.97,US,1691367926
138,sinegorskiy,48.0139,40.8447,78.49,40,0,9.26,RU,1691367984
139,polyarnyy,69.1989,33.4478,52.27,80,32,9.6,RU,1691367945
140,longyearbyen,78.2186,15.6401,49.84,71,75,11.5,SJ,1691367913
141,sena madureira,-9.0656,-68.6569,85.33,43,65,1.83,BR,1691367944
142,deqing,30.5448,119.9599,83.82,87,66,3.0,CN,1691367984
143,ust-nera,64.5667,143.2,48.96,52,8,7.74,RU,1691367949
144,pangai,-19.8,-174.35,73.51,88,100,14.97,TO,1691367739
145,hancheng,32.5186,112.3522,78.91,80,70,11.1,CN,1691367985
146,valverde del camino,37.5751,-6.7543,80.02,23,0,2.01,ES,1691367985
147,port elizabeth,-33.918,25.5701,53.1,87,0,6.91,ZA,1691367855
148,qaqortoq,60.7167,-46.0333,41.76,90,26,3.87,GL,1691367939
149,chernyshevskiy,63.0128,112.4714,61.88,64,94,9.1,RU,1691367985
150,coyhaique,-45.5752,-72.0662,35.38,98,62,4.92,CL,1691367985
151,tannum sands,-23.9504,151.3693,72.75,46,1,12.66,AU,1691367985
152,remire-montjoly,4.9167,-52.2667,80.64,83,0,6.91,GF,1691367986
153,puerto baquerizo moreno,-0.9,-89.6,74.91,72,86,13.6,EC,1691367911
154,tiksi,71.6872,128.8694,47.68,54,61,5.21,RU,1691367917
155,aoulef,26.9667,1.0833,99.01,12,0,18.63,DZ,1691367939
156,maintirano,-18.0667,44.0167,73.15,83,74,6.98,MG,1691367986
157,am timan,11.0297,20.2827,70.56,96,82,4.32,TD,1691367986
158,laojunmiao,39.8333,97.7333,71.98,26,38,2.57,CN,1691367922
159,angaur state,6.906,134.13,79.61,81,100,19.8,PW,1691367986
160,cao bang,22.6667,106.25,76.03,99,100,1.5,VN,1691367987
161,port lincoln,-34.7333,135.8667,54.16,71,81,7.49,AU,1691367918
162,island harbour,50.724,-1.2758,57.92,93,2,1.99,GB,1691367987
163,salinopolis,-0.6136,-47.3561,80.33,82,58,13.35,BR,1691367930
164,salinas,36.6777,-121.6555,100.56,60,0,14.97,US,1691367987
165,alakurtti,66.9672,30.3491,52.23,93,98,3.71,RU,1691367987
166,santa terezinha,-29.9002,-50.0904,65.8,79,0,5.23,BR,1691367987
167,namdrik,5.5994,168.1028,83.62,74,55,4.25,MH,1691367987
168,malanje,-9.5402,16.341,65.25,31,1,2.42,AO,1691367987
169,lazaro cardenas,17.9583,-102.2,86.52,71,81,7.2,MX,1691367920
170,esfarayen,37.0765,57.5101,67.66,54,0,4.03,IR,1691367988
171,khorixas,-20.3667,14.9667,63.48,19,0,10.13,NA,1691367988
172,carora,10.1755,-70.0827,86.02,52,78,14.03,VE,1691367988
173,st. john's,47.5649,-52.7093,60.28,96,100,5.99,CA,1691367692
174,kalaleh,37.3807,55.4916,78.4,65,0,6.91,IR,1691367988
175,wailua homesteads,22.0669,-159.378,86.79,73,20,13.8,US,1691367906
176,crucecita,-28.95,-58.9833,82.6,35,27,6.38,AR,1691367988
177,rundu,-17.9333,19.7667,53.22,40,1,6.24,NA,1691367989
178,el paso,31.8001,-106.2005,109.13,9,75,6.91,US,1691367904
179,chackbay,29.8835,-90.7973,95.0,72,0,1.01,US,1691367989
180,haiku-pauwela,20.9219,-156.3051,82.42,58,75,21.85,US,1691367709
181,fonte boa,-2.4959,-66.2662,80.65,72,92,1.36,BR,1691367989
182,kidal,18.4411,1.4078,84.56,44,97,18.01,ML,1691367681
183,badger,64.8,-147.5333,79.52,43,100,4.61,US,1691367819
184,kamloops,50.6665,-120.3192,96.57,21,20,4.61,CA,1691367921
185,gonabad,34.3529,58.6837,77.18,36,2,6.96,IR,1691367989
186,baiyin,36.5583,104.2081,67.1,59,51,7.34,CN,1691367918
187,northam,51.0333,-4.2167,59.67,91,6,7.99,GB,1691367990
188,deqen,29.9618,90.7188,54.1,84,98,2.82,CN,1691367990
189,touros,-5.1989,-35.4608,76.59,84,54,13.82,BR,1691367911
190,kolonia,50.9333,6.95,56.59,86,100,17.27,DE,1691367990
191,kirensk,57.7853,108.1119,62.69,87,74,2.86,RU,1691367935
192,yarega,63.4354,53.5765,57.69,96,4,5.41,RU,1691367990
193,balkashino,52.5167,68.7667,61.0,96,95,9.78,KZ,1691367990
194,ola,59.5833,151.2833,57.15,51,93,13.69,RU,1691367991
195,port blair,11.6667,92.75,80.64,89,40,9.22,IN,1691367991
196,praia da vitoria,38.7333,-27.0667,71.85,88,20,7.61,PT,1691367729
197,farafangana,-22.8167,47.8333,67.23,86,87,7.72,MG,1691367991
198,iquique,-20.2208,-70.1431,64.44,79,3,5.91,CL,1691367810
199,camalu,30.85,-116.0667,79.3,53,1,6.11,MX,1691367991
200,ocara,-4.4908,-38.5967,73.26,91,25,4.07,BR,1691367991
201,galesong,-5.3166,119.3661,78.82,63,65,8.01,ID,1691367992
202,saurimo,-9.6608,20.3916,60.64,38,0,5.37,AO,1691367992
203,caleta de carquin,-11.0925,-77.6267,66.81,79,35,10.42,PE,1691367992
204,port hedland,-20.3167,118.5667,75.25,31,40,11.5,AU,1691367992
205,sassandra,4.95,-6.0833,74.07,92,36,5.59,CI,1691367992
206,glendive,47.1053,-104.7125,80.22,34,0,3.44,US,1691367992
207,hasaki,35.7333,140.8333,90.28,81,12,10.25,JP,1691367993
208,belyy yar,53.6039,91.3903,58.89,88,0,0.0,RU,1691367994
209,diego de almagro,-26.3667,-70.05,61.05,45,1,1.32,CL,1691367994
210,dietikon,47.4016,8.4002,55.69,80,20,5.75,CH,1691367994
211,taltal,-25.4,-70.4833,63.39,72,4,5.86,CL,1691367949
212,turpan,42.9333,89.1667,96.21,15,91,1.9,CN,1691367994
213,mejit,10.2753,170.8646,83.21,76,94,19.06,MH,1691367913
214,soio,-6.1349,12.3689,71.19,90,7,3.89,AO,1691367818
215,ismailia,30.6043,32.2723,79.41,51,0,5.41,EG,1691367995
216,gizo,-8.103,156.8419,79.79,81,89,15.05,SB,1691367907
217,wenshang,35.7275,116.4961,76.66,72,55,5.68,CN,1691367995
218,whakatane,-37.9585,176.9854,57.88,70,100,1.97,NZ,1691367995
219,laguna,38.421,-121.4238,105.12,15,0,12.66,US,1691367995
220,usinsk,65.9939,57.5281,62.13,96,100,7.85,RU,1691367937
221,undurkhaan,47.3194,110.6556,60.08,84,54,7.2,MN,1691367944
222,trincomalee,8.5711,81.2335,81.3,72,99,16.37,LK,1691367996
223,la sarre,48.8002,-79.1996,66.85,58,98,2.62,CA,1691367867
224,vorgashor,67.5833,63.95,60.84,97,100,4.07,RU,1691367920
225,norilsk,69.3535,88.2027,63.43,51,2,2.75,RU,1691367996
226,coahuayana de hidalgo,18.7,-103.6583,86.13,70,100,4.18,MX,1691367930
227,nemuro,43.3236,145.575,58.69,98,100,11.52,JP,1691367926
228,bengkulu,-3.8004,102.2655,73.53,90,43,3.33,ID,1691367728
229,pacific grove,36.6177,-121.9166,89.65,80,0,9.22,US,1691367694
230,tralee,52.2704,-9.7026,52.32,89,55,4.09,IE,1691367718
231,al minya,28.1099,30.7503,89.62,25,0,6.08,EG,1691367997
232,acarau,-2.8856,-40.12,79.12,82,8,16.96,BR,1691367997
233,fortuna,40.5982,-124.1573,68.67,78,20,14.97,US,1691367744
234,'ali sabieh,11.1558,42.7125,93.33,47,27,1.97,DJ,1691367997
235,aioun,16.6614,-9.6149,84.0,66,98,23.8,MR,1691367997
236,kuala terengganu,5.3302,103.1408,76.95,94,20,0.0,MY,1691367972
237,arauco,-37.2463,-73.3175,49.03,88,0,4.05,CL,1691367997
238,alice springs,-23.7,133.8833,56.75,51,0,10.36,AU,1691367746
239,vodnyy,63.5046,53.4095,58.06,96,1,5.23,RU,1691367998
240,paramonga,-10.6667,-77.8333,66.27,82,49,8.88,PE,1691367998
241,la passe,45.5549,-0.8967,61.99,83,37,7.83,FR,1691367901
242,ghat,24.9647,10.1728,93.2,10,0,6.49,LY,1691367998
243,madalena,41.2162,-8.3345,71.76,53,0,4.47,PT,1691367998
244,sao vicente,-23.9631,-46.3919,84.38,26,0,2.68,BR,1691367998
245,askiz,53.1319,90.5264,59.2,83,16,2.68,RU,1691367998
246,kyaikkami,16.08,97.5675,80.89,85,100,14.7,MM,1691367999
247,totness,5.8833,-56.3167,81.16,83,35,10.92,SR,1691367999
248,kani keli,-12.9536,45.1033,76.26,71,1,16.89,YT,1691367999
249,carutapera,-1.195,-46.02,78.04,86,29,8.57,BR,1691367999
250,chhoti sadri,24.3833,74.7,73.13,88,85,15.26,IN,1691367999
251,geraldton,-28.7667,114.6,61.21,94,100,6.91,AU,1691367900
252,kapuskasing,49.4169,-82.4331,75.29,53,75,2.3,CA,1691367907
253,kapa'a,22.0752,-159.319,88.12,72,20,13.8,US,1691367749
254,cambria,35.5641,-121.0808,106.77,54,27,11.83,US,1691367999
255,westport,41.1415,-73.3579,77.27,75,0,10.36,US,1691367638
256,ancud,-41.8697,-73.8203,41.36,88,11,7.9,CL,1691367925
257,dunay,42.8803,132.3375,64.45,88,100,5.97,RU,1691368000
258,luderitz,-26.6481,15.1594,61.41,65,1,8.46,NA,1691367748
259,ascension,30.2169,-90.9001,96.28,62,0,4.61,US,1691368000
260,louisville,38.2542,-85.7594,86.07,67,20,9.22,US,1691367478
261,byron bay,-28.65,153.6167,58.71,90,95,10.04,AU,1691367948
262,baardheere,2.3446,42.2764,74.35,78,30,17.47,SO,1691368000
263,morristown,36.214,-83.2949,80.71,81,0,8.05,US,1691368000
264,bubaque,11.2833,-15.8333,79.93,84,100,15.9,GW,1691367939
265,calama,-22.4667,-68.9333,59.49,9,0,6.91,CL,1691367847
266,sokur,55.2093,83.319,53.96,64,70,3.31,RU,1691368001
267,chake chake,-5.2459,39.7666,73.29,85,5,8.68,TZ,1691368001
268,eastham,41.8301,-69.9739,71.98,70,41,4.0,US,1691367941
269,awjilah,29.1081,21.2869,77.04,67,0,15.01,LY,1691368001
270,kuching,1.55,110.3333,83.05,93,20,2.3,MY,1691368001
271,sinabang,2.4803,96.3801,79.66,82,85,3.56,ID,1691367691
272,saint-raphael,19.4333,-72.2,77.52,89,40,5.57,HT,1691368001
273,ciudad lazaro cardenas,17.9583,-102.2,86.52,71,81,7.2,MX,1691367920
274,guanica,17.9716,-66.908,85.98,68,71,13.85,PR,1691368002
275,nambour,-26.6333,152.95,66.85,80,17,5.01,AU,1691368002
276,hilo,19.7297,-155.09,83.25,74,75,12.66,US,1691367760
277,pirdop,42.7,24.1833,60.67,86,10,4.34,BG,1691368002
278,cidade velha,14.9167,-23.6167,81.07,74,75,9.22,CV,1691368002
279,vwawa,-9.1167,32.9333,54.05,85,36,3.94,TZ,1691368002
280,homer,59.6425,-151.5483,62.49,75,100,0.0,US,1691368002
281,concordia,-31.393,-58.0209,75.78,68,63,11.01,AR,1691368003
282,osa,57.2829,55.4567,60.64,90,14,4.14,RU,1691368003
283,stephenville,32.2207,-98.2023,105.15,19,0,8.05,US,1691368003
284,vadso,70.0744,29.7487,58.08,82,75,6.91,NO,1691367916
285,doiwala,30.1833,78.1167,75.52,88,58,2.93,IN,1691368003
286,broome,42.2506,-75.833,78.62,71,0,3.44,US,1691368003
287,balaipungut,1.05,101.2833,75.81,93,55,2.77,ID,1691367737
288,dumfries,38.5676,-77.328,78.03,91,93,5.14,US,1691368003
289,eirunepe,-6.6603,-69.8736,82.72,58,97,2.53,BR,1691368004
290,taro,-8.3862,115.28,71.6,89,60,2.26,ID,1691368004
291,tazovsky,67.4667,78.7,58.17,62,26,4.29,RU,1691367920
292,nabire,-3.3667,135.4833,81.23,69,34,4.9,ID,1691368004
293,kununurra,-15.7667,128.7333,76.98,29,38,17.27,AU,1691367917
294,puerto deseado,-47.7503,-65.8938,35.6,59,6,16.69,AR,1691368004
295,port mathurin,-19.6833,63.4167,73.02,55,71,23.24,MU,1691367906
296,susuman,62.7833,148.1667,45.12,55,95,11.43,RU,1691367902
297,happy valley-goose bay,53.3168,-60.3315,62.91,77,100,3.44,CA,1691368005
298,oum hadjer,13.2954,19.6966,81.57,69,100,11.45,TD,1691368005
299,bonthe,7.5264,-12.505,77.83,80,90,7.07,SL,1691368005
300,soto la marina,23.7667,-98.2167,90.86,49,42,20.58,MX,1691368005
301,tadpatri,14.9167,78.0167,78.19,72,99,16.17,IN,1691368005
302,mount pearl,47.5166,-52.7813,59.45,96,100,6.91,CA,1691367927
303,cabo san lucas,22.8909,-109.9124,87.1,70,75,9.22,MX,1691367934
304,urangan,-25.3,152.9,66.07,71,45,15.43,AU,1691368005
305,talcahuano,-36.7167,-73.1167,51.48,93,0,3.44,CL,1691367915
306,kovdor,67.5662,30.4758,51.1,92,85,4.0,RU,1691368005
307,petropavlovsk-kamchatsky,53.0452,158.6483,61.39,94,75,0.0,RU,1691367932
308,port alfred,-33.5906,26.891,54.18,92,21,1.99,ZA,1691367703
309,mongo,12.1844,18.693,74.46,86,98,4.88,TD,1691368006
310,mbandaka,0.0487,18.2603,72.01,93,100,2.15,CD,1691368006
311,polyarnyye zori,67.3661,32.4981,47.66,96,91,4.41,RU,1691368006
312,erenhot,43.6475,111.9767,82.83,29,58,13.2,CN,1691368006
313,ovria,38.1833,21.7167,74.28,60,0,2.91,GR,1691368006
314,tibati,6.4667,12.6333,66.88,99,100,3.53,CM,1691368007
315,sambava,-14.2667,50.1667,69.64,82,19,11.81,MG,1691368007
316,zouerate,22.7187,-12.4521,83.44,24,1,9.42,MR,1691368007
317,dalandzadgad,43.5708,104.425,75.38,28,0,6.78,MN,1691368007
318,jwaneng,-24.6004,24.7303,49.5,45,8,7.36,BW,1691368007
319,sarangani,5.4033,125.4636,82.92,75,74,13.11,PH,1691367941
320,nizhneudinsk,54.9076,99.0276,54.46,97,100,2.37,RU,1691368008
321,howrah,22.5892,88.3103,82.4,89,75,5.75,IN,1691367909
322,vila velha,-20.3297,-40.2925,70.95,81,0,4.61,BR,1691367736
323,"laikit, laikit ii (dimembe)",1.4792,124.9735,83.25,62,20,16.11,ID,1691368008
324,korla,41.7597,86.1469,84.0,25,34,12.01,CN,1691367753
325,kousseri,12.0769,15.0306,73.36,100,20,6.91,CM,1691368008
326,bardai,11.65,7.2333,70.81,89,99,6.2,NG,1691367951
327,inarajan village,13.2736,144.7484,83.39,91,100,2.68,GU,1691368008
328,chemax,20.65,-87.9333,86.16,64,71,4.41,MX,1691368008
329,nova sintra,14.8667,-24.7167,73.24,81,45,10.54,CV,1691367904
330,monterey,36.2505,-121.2516,94.23,18,0,17.4,US,1691368009
331,lapinlahti,65.5833,30.5667,57.16,78,99,6.51,RU,1691368009
332,itaituba,-4.2761,-55.9836,84.18,49,63,2.95,BR,1691368009
333,buka,40.8108,69.1986,73.69,48,96,4.23,UZ,1691368009
334,lumut,4.2323,100.6298,77.02,88,20,2.3,MY,1691368009
335,laredo,27.5064,-99.5075,107.89,21,0,18.41,US,1691367814
336,ta`u,-14.2336,-169.5144,80.67,76,71,6.82,AS,1691367951
337,bath,51.3779,-2.3591,57.76,90,1,4.09,GB,1691367448
338,cheney,47.4874,-117.5758,82.47,47,75,10.36,US,1691367713
339,inirida,3.8653,-67.9239,75.85,95,93,0.04,CO,1691368010
340,moranbah,-22.0016,148.0466,67.14,52,0,17.6,AU,1691368010
341,big bear city,34.2611,-116.845,86.27,13,0,9.22,US,1691367727
342,viqueque,-8.8673,126.3658,76.42,69,18,9.15,TL,1691368010
343,alice town,25.7167,-79.3,86.38,71,17,3.51,BS,1691368010
344,vila franca do campo,37.7167,-25.4333,70.21,82,7,3.36,PT,1691368010
345,betio village,1.358,172.9211,86.04,77,76,8.32,KI,1691368010
346,pontes e lacerda,-15.2261,-59.3353,79.84,37,22,2.13,BR,1691368011
347,warman,52.3168,-106.5679,77.09,33,20,12.66,CA,1691368011
348,phanat nikhom,13.4458,101.1844,86.92,76,100,6.62,TH,1691368011
349,mae hong son,19.3003,97.9685,75.34,94,75,1.14,TH,1691368011
350,ketchikan,55.3422,-131.6461,70.27,73,40,16.11,US,1691368011
351,illizi,26.4833,8.4667,91.2,23,0,3.13,DZ,1691368011
352,zemio,5.0314,25.1361,68.54,95,86,2.17,CF,1691368011
353,soller,39.7662,2.7152,76.86,69,6,1.99,ES,1691368011
354,fale old settlement,-9.3852,-171.2468,83.61,68,53,11.99,TK,1691367914
355,solnechnyy,50.7214,136.6319,73.98,37,0,2.66,RU,1691368012
356,saldanha,-33.0117,17.9442,50.05,89,0,7.45,ZA,1691368012
357,noosa heads,-26.3833,153.15,67.1,72,44,14.67,AU,1691368012
358,lorengau,-2.0226,147.2712,82.76,71,91,15.73,PG,1691368012
359,naze,28.3667,129.4833,77.92,93,100,32.64,JP,1691368012
360,tazacorte,28.629,-17.9293,71.15,85,0,5.75,ES,1691367924
361,elverum,60.8819,11.5623,55.11,95,100,9.51,NO,1691368012
362,meulaboh,4.1363,96.1285,76.37,90,100,3.27,ID,1691368012
363,barra de santo antonio,-9.4047,-35.5072,72.68,85,63,12.95,BR,1691367703
364,hamilton,39.1834,-84.5333,82.09,67,0,11.5,US,1691367876
365,kollo,13.3043,2.339,81.03,71,60,9.35,NE,1691368013
366,malango,-2.9627,119.9001,69.39,93,89,1.83,ID,1691367944
367,borzya,50.3833,116.5167,68.32,54,77,10.33,RU,1691367780
368,gadzhiyevo,69.2551,33.3362,51.64,81,36,9.35,RU,1691367942
369,mafinga,-7.25,35.0667,65.14,59,33,6.2,TZ,1691368013
370,moengo,5.6167,-54.4,79.99,80,49,4.92,SR,1691368013
371,itanhem,-17.1664,-40.33,64.83,89,18,6.31,BR,1691368013
372,port shepstone,-30.7414,30.455,65.37,74,0,14.41,ZA,1691367931
373,qarah,34.1527,36.7415,71.49,38,0,2.44,SY,1691368014
374,aleg,17.0481,-13.9209,88.56,45,80,18.03,MR,1691368014
375,crane,31.3974,-102.3501,101.7,18,0,16.69,US,1691367943
376,scottburgh,-30.2867,30.7532,60.57,39,0,7.05,ZA,1691368014
377,usogorsk,63.4106,48.6872,58.84,93,20,3.96,RU,1691368014
378,queenstown,-31.8976,26.8753,48.92,50,1,1.95,ZA,1691367703
379,nagqu,31.5,92.0,39.54,86,77,3.44,CN,1691368014
380,kismayo,-0.3582,42.5454,75.27,83,66,17.81,SO,1691368015
381,khandyga,62.6667,135.6,64.81,38,65,11.25,RU,1691367926
382,san andres,12.5847,-81.7006,86.02,79,20,9.22,CO,1691368015
383,kailua-kona,19.6406,-155.9956,85.28,72,0,10.36,US,1691367676
384,uturoa,-16.7333,-151.4333,78.89,77,38,12.64,PF,1691367943
385,lupiro,-8.3833,36.6667,68.43,86,82,2.28,TZ,1691368015
386,fort mcmurray,56.7268,-111.381,67.59,72,75,5.75,CA,1691367735
387,kunnattur,12.35,78.5167,76.14,72,84,5.79,IN,1691368015
388,la'ie,21.6477,-157.9253,89.56,61,3,4.0,US,1691367948
389,prince rupert,54.3161,-130.3201,69.89,82,40,9.22,CA,1691367888
390,kuanda,56.3161,116.0806,69.8,49,98,1.19,RU,1691368016
391,karatas,36.582,35.3701,80.74,69,0,3.67,TR,1691368016
392,chania,35.5122,24.0156,76.6,78,20,13.8,GR,1691368016
393,saint-pierre,-21.3393,55.4781,69.48,73,0,28.77,RE,1691368016
394,khilok,51.3674,110.4676,58.84,92,100,3.38,RU,1691368017
395,pathein,16.7833,94.7333,78.44,89,100,12.17,MM,1691368017
396,manga,11.6636,-1.0731,76.46,81,97,7.23,BF,1691368017
397,kudahuvadhoo,2.6708,72.8944,82.81,75,99,9.57,MV,1691368017
398,liboro,13.8245,122.7295,83.12,78,66,6.58,PH,1691368017
399,galich,58.3797,42.3475,64.72,82,0,4.36,RU,1691368018
400,dimitrovgrad,54.2139,49.6184,64.11,75,0,5.97,RU,1691368018
401,sioux city,42.5,-96.4003,69.71,81,100,18.41,US,1691367895
402,popondetta,-8.7537,148.2534,81.55,54,45,2.68,PG,1691368018
403,chongjin,41.7956,129.7758,66.15,95,100,7.11,KP,1691368018
404,tshikapa,-6.4167,20.8,76.73,34,38,3.36,CD,1691368018
405,tezu,27.9167,96.1667,76.12,99,100,1.48,IN,1691368018
406,xiaoweizhai,26.1903,107.5125,73.76,94,93,1.52,CN,1691368018
407,mto wa mbu,-3.35,35.85,63.97,81,48,2.95,TZ,1691368019
408,namibe,-15.1961,12.1522,64.24,87,20,3.62,AO,1691368019
409,garachico,28.7781,-17.7646,68.49,73,0,5.75,ES,1691368019
410,dudinka,69.4058,86.1778,63.63,59,14,1.79,RU,1691367937
411,leava,-14.3,-178.1667,81.07,76,16,5.44,WF,1691368019
412,tura,25.5198,90.2201,74.57,99,100,3.22,IN,1691367745
413,galliano,29.4422,-90.2992,95.0,62,0,9.22,US,1691368019
414,tromso,69.6496,18.957,51.39,81,20,2.3,NO,1691367717
415,murzuq,25.9155,13.9184,90.43,29,0,15.84,LY,1691368019
416,el calafate,-50.3408,-72.2768,23.36,60,12,4.16,AR,1691367915
417,la romana,18.4273,-68.9728,82.76,89,75,6.91,DO,1691368020
418,midvagur,62.0511,-7.1939,52.63,93,100,6.91,FO,1691368020
419,cestos city,5.46,-9.5828,77.32,79,72,7.34,LR,1691368020
420,launceston,-41.45,147.1667,49.15,81,100,4.61,AU,1691368020
421,sao jose da coroa grande,-8.8978,-35.1478,75.88,85,73,13.58,BR,1691368020
422,arroyito,-31.4202,-63.05,61.11,50,1,15.43,AR,1691368020
423,nyandoma,61.669,40.1991,63.59,73,77,4.68,RU,1691368021
424,rongelap,11.1635,166.8941,83.26,75,73,12.84,MH,1691367931
425,havre,49.5833,0.3333,60.57,88,40,14.97,FR,1691368021
426,temperance,41.7792,-83.5688,72.19,94,100,5.75,US,1691368021
427,pionerskiy,54.9508,20.2275,69.64,88,76,14.47,RU,1691367927
428,mil'kovo,55.6078,37.7956,72.1,80,0,7.81,RU,1691367940
429,fochville,-26.4886,27.4939,45.05,33,0,0.58,ZA,1691368021
430,jiuquan,39.7432,98.5174,77.38,26,33,3.83,CN,1691368022
431,kavaratti,10.5669,72.642,82.24,74,64,19.55,IN,1691368022
432,kasempa,-13.4584,25.8338,58.33,69,1,7.4,ZM,1691368022
433,sabang,5.8933,95.3214,82.89,76,100,16.8,ID,1691367701
434,el granada,37.5027,-122.4694,96.93,67,0,24.16,US,1691368022
435,leninskoye,41.7589,69.3864,70.38,52,65,5.21,KZ,1691368022
436,labuan,5.2767,115.2417,82.76,83,20,2.3,MY,1691368023
437,merizo village,13.2658,144.6691,82.98,91,100,2.51,GU,1691368023
438,binkolo,8.9533,-11.9779,72.97,98,93,2.33,SL,1691368023
439,antonio enes,-16.2325,39.9086,73.11,76,77,9.86,MZ,1691368023
440,la ronge,55.1001,-105.2842,75.45,41,75,6.91,CA,1691367734
441,metkovic,43.0542,17.6483,66.67,90,47,3.33,HR,1691368023
442,tsiombe,-25.3,45.4833,62.29,87,0,6.13,MG,1691368023
443,languyan,5.2618,120.0807,82.58,80,10,4.63,PH,1691368024
444,kokstad,-30.5472,29.4241,48.78,24,0,4.54,ZA,1691367926
445,aberglasslyn,-32.7,151.5333,62.38,81,76,2.21,AU,1691368024
446,xining,36.6167,101.7667,58.32,70,20,2.3,CN,1691368024
447,altamira,-3.2033,-52.2064,82.56,50,71,4.36,BR,1691368024
448,djambala,-2.5447,14.7533,69.4,62,26,4.14,CG,1691368024
449,basoko,1.2391,23.616,71.82,95,100,5.06,CD,1691368025
450,freetown,8.484,-13.2299,74.91,94,75,9.22,SL,1691368025
451,hadibu,12.65,54.0333,77.38,81,79,21.03,YE,1691367921
452,fort bragg,35.139,-79.006,87.64,61,100,5.75,US,1691368025
453,wenchang,30.904,118.4887,82.99,87,70,5.08,CN,1691367950
454,xinji,37.9028,115.2036,75.13,77,94,5.93,CN,1691368025
455,riverdale,33.5726,-84.4133,71.92,96,100,0.0,US,1691368025
456,karasburg,-28.0167,18.75,58.19,28,0,1.3,NA,1691368026
457,dunedin,-45.8742,170.5036,52.81,68,65,1.99,NZ,1691367923
458,richards bay,-28.783,32.0377,60.73,87,0,6.6,ZA,1691367912
459,harstad,68.799,16.5293,54.61,88,97,1.99,NO,1691368026
460,cove,7.221,2.3402,73.4,95,100,5.86,BJ,1691368026
461,kingston,17.997,-76.7936,88.75,74,20,18.41,JM,1691367879
462,temiskaming shores,47.4938,-79.7153,69.6,58,100,4.68,CA,1691368026
463,les avirons,-21.2418,55.3394,66.29,73,0,28.77,RE,1691368026
464,tanggu,39.0211,117.6469,78.76,68,95,6.82,CN,1691368027
465,ornskoldsvik,63.2909,18.7153,59.95,82,100,5.75,SE,1691368027
466,amungan,15.3652,119.9582,81.97,84,100,10.42,PH,1691368027
467,baruun-urt,46.6806,113.2792,63.72,75,54,10.89,MN,1691368027
468,vila do maio,15.1333,-23.2167,81.39,79,97,7.81,CV,1691368027
469,uchaly,54.2996,59.4521,57.49,94,6,5.61,RU,1691368027
470,karratha,-20.7377,116.8463,72.12,42,15,11.39,AU,1691367699
471,tikrit,34.6071,43.6782,91.47,20,0,10.16,IQ,1691368028
472,yeonggwang,35.275,126.5094,82.06,72,25,3.91,KR,1691368028
473,beaufort west,-32.3567,22.583,53.64,55,0,4.65,ZA,1691368028
474,bielsk podlaski,52.7651,23.1865,65.01,95,77,7.02,PL,1691368028
475,dzhalagash,45.0833,64.6667,77.52,42,35,5.86,KZ,1691368028
476,nova vicosa,-17.8919,-39.3719,71.42,79,36,8.72,BR,1691367746
477,neryungri,56.6709,124.6491,67.55,54,98,3.38,RU,1691367858
478,moyynkum,44.2914,72.9469,73.65,42,99,9.35,KZ,1691368029
479,ak'ordat,15.5486,37.8867,79.63,71,44,4.45,ER,1691368029
480,paidha,2.4167,30.9855,63.66,77,81,5.26,UG,1691368029
481,saucillo,28.0167,-105.2833,102.16,12,0,6.98,MX,1691368029
482,flying fish cove,-10.4217,105.6791,76.68,88,100,11.5,CX,1691367945
483,katangi,23.45,79.7833,71.04,94,100,10.42,IN,1691368030
484,lobujya,27.95,86.8167,39.45,94,100,1.32,NP,1691368030
485,maquoketa,42.0689,-90.6657,75.29,45,96,7.16,US,1691368030
486,vallenar,-28.5708,-70.7581,62.2,60,88,1.05,CL,1691368030
487,al bardiyah,31.7561,25.0865,78.42,74,0,10.07,LY,1691368030
488,lincoln,40.8,-96.667,73.31,70,40,18.41,US,1691367656
489,nishinoomote,30.7333,131.0,81.16,100,75,16.11,JP,1691368030
490,port saint john's,-31.6229,29.5448,65.12,83,15,11.23,ZA,1691367900
491,igarka,67.4667,86.5833,61.05,58,3,9.19,RU,1691367859
492,fisterra,42.9049,-9.2629,64.74,70,15,19.84,ES,1691368031
493,chandler,33.3062,-111.8412,110.95,22,75,8.05,US,1691368006
494,itoman,26.1247,127.6694,82.42,89,75,27.63,JP,1691367949
495,kenai,60.5544,-151.2583,62.15,93,100,8.05,US,1691368031
496,yaren,-0.5472,166.916,83.1,74,18,5.99,NR,1691368031
497,nurabad,34.0734,47.9725,70.43,19,0,2.98,IR,1691368032
498,inhambane,-23.865,35.3833,63.93,76,0,4.94,MZ,1691367689
499,saint-philippe,-21.3585,55.7679,69.39,76,56,14.94,RE,1691368032
500,chui,-33.6971,-53.4616,65.59,90,92,6.29,UY,1691367723
501,maceio,-9.6658,-35.7353,72.84,100,100,13.8,BR,1691367756
502,bikenibeu village,1.3673,173.1241,85.96,74,75,4.61,KI,1691368032
503,griffith,41.5284,-87.4237,71.15,87,75,17.27,US,1691368032
504,pisco,-13.7,-76.2167,66.25,77,0,18.41,PE,1691367871
505,kargasok,59.0556,80.8572,57.13,71,46,7.2,RU,1691368032
506,xuddur,4.1213,43.8894,70.63,74,60,19.95,SO,1691368032
507,nadym,65.5333,72.5167,64.27,57,4,5.82,RU,1691368033
508,la ceiba,15.7597,-86.7822,82.22,83,75,6.91,HN,1691368033
509,souq larb'a al gharb,34.6866,-6.0027,75.33,73,35,1.99,MA,1691368033
510,grand falls-windsor,48.9332,-55.6649,53.08,98,100,6.31,CA,1691367920
511,prince albert,53.2001,-105.7677,66.15,77,100,8.05,CA,1691368033
512,sandnessjoen,66.0217,12.6316,54.12,82,75,9.22,NO,1691368033
513,charlottetown,46.2352,-63.1267,64.92,95,75,2.3,CA,1691367742
514,petropolis,59.8944,30.2642,73.54,88,0,6.71,RU,1691368034
515,zabol,32.25,67.25,70.0,18,0,3.98,AF,1691368034
516,sayat,38.7839,63.8803,75.07,27,42,8.05,TM,1691368034
517,rio gallegos,-51.6226,-69.2181,30.25,80,0,13.8,AR,1691367910
518,talara,-4.5772,-81.2719,74.16,83,0,15.03,PE,1691368034
519,bom jesus,-9.0744,-44.3586,76.46,39,12,4.07,BR,1691368034
520,borogontsy,62.6683,131.1683,66.47,45,11,3.49,RU,1691368034
521,acajutla,13.5928,-89.8275,84.63,77,20,7.23,SV,1691367750
522,mount isa,-20.7333,139.5,69.57,35,0,6.91,AU,1691368035
523,lithgow,-33.4833,150.15,48.65,70,84,3.62,AU,1691368035
524,ouarzazat,30.9189,-6.8934,91.69,8,40,4.61,MA,1691368035
525,dinguiraye,11.3,-10.7167,72.46,92,100,2.08,GN,1691368035
526,lowestoft,52.4752,1.7516,52.09,86,2,11.16,GB,1691367737
527,mandalgovi,45.7625,106.2708,65.73,59,1,6.53,MN,1691368035
528,elizabeth city,36.2946,-76.2511,82.42,75,70,1.01,US,1691368036
529,caconda,-13.7333,15.0667,54.84,33,0,3.91,AO,1691368036
530,sirte,31.2089,16.5887,78.21,66,0,8.59,LY,1691368036
531,gulf shores,30.246,-87.7008,91.58,66,0,10.36,US,1691368036
532,shakawe,-18.3667,21.85,53.62,42,0,5.66,BW,1691368036
533,trinidad,-14.8333,-64.9,83.28,42,2,4.7,BO,1691368036
534,lerwick,60.1545,-1.1494,50.0,84,19,5.48,GB,1691368037
535,christchurch,-43.5333,172.6333,58.41,75,36,5.75,NZ,1691368037
536,ribeira brava,32.65,-17.0667,73.0,85,8,1.74,PT,1691367948
537,santa cruz,-17.8,-63.1667,80.06,65,0,14.97,BO,1691367721
538,gondar,12.6,37.4667,56.37,93,79,2.37,ET,1691368037
539,makurazaki,31.2667,130.3167,82.04,79,68,18.59,JP,1691368037
540,faya-largeau,17.9257,19.1043,88.79,52,98,13.85,TD,1691368037
541,purranque,-40.9167,-73.1667,38.53,98,0,2.06,CL,1691368038
542,chalus,36.655,51.4204,76.46,78,75,2.3,IR,1691368038
543,asasa,7.1,39.2,53.73,89,97,2.19,ET,1691368038
544,jinzhou,41.1078,121.1417,72.12,68,50,11.25,CN,1691368038
545,guarapari,-20.6667,-40.4975,70.9,81,46,11.63,BR,1691368038
546,vilyuchinsk,52.9306,158.4028,62.87,76,98,8.23,RU,1691367937
547,pfalzgrafenweiler,48.5167,8.5667,51.12,90,60,14.92,DE,1691368038
548,west bay,19.3667,-81.4167,87.01,80,20,4.61,KY,1691368038
549,amahai,-3.3333,128.9167,78.06,79,46,10.98,ID,1691368039
550,ain oussera,35.4514,2.9058,77.54,21,0,7.9,DZ,1691368040
551,kamina,-8.7386,24.9906,63.97,42,7,3.31,CD,1691367934
552,floro,61.5996,5.0328,59.07,72,40,11.5,NO,1691367943
553,mount gambier,-37.8333,140.7667,50.88,73,2,1.59,AU,1691367724
554,matoury,4.8483,-52.3317,80.56,83,0,6.91,GF,1691368040
555,le morne-rouge,14.7667,-61.1333,74.77,83,98,9.44,MQ,1691367812
556,cidreira,-30.1811,-50.2056,65.73,79,1,5.53,BR,1691368041
557,verdal,63.7933,11.4817,59.04,94,100,2.01,NO,1691368041
558,aldan,58.6031,125.3894,69.53,57,93,1.63,RU,1691368041
559,santa isabel,-23.3156,-46.2214,67.71,51,0,2.37,BR,1691368041
560,sydney,-33.8679,151.2073,60.31,80,75,9.22,AU,1691368023
